{"cameraMode":{"drawMode":0,"name":"Shaded","section":"Shading Mode"},"sceneLighting":false,"audioPlay":false,"sceneViewState":{"showFog":true,"showMaterialUpdate":false,"showSkybox":false,"showFlares":true,"showImageEffects":true,"showParticleSystems":true},"in2DMode":false,"pivot":{"x":84.99999237060547,"y":5.199146747589111,"z":-36.646156311035159},"rotation":{"x":0.29295480251312258,"y":-0.006045338697731495,"z":0.0018440373241901398,"w":0.9561449885368347},"size":3.6585588455200197,"orthographic":false}